scene,variant,source,frame_sec,total,no_collision,ttc,comfort,progress,gt_coverage_s
gh_001000__brake,brake,transfered,1,1.0000,1.0,1.0,1.0,1.0000,2.90
gh_001000__brake,brake,transfered,2,0.0000,0.0,0.0,0.0,1.0000,1.90
gh_001000__brake,brake,transfered,3,0.0000,1.0,0.0,0.0,1.0000,0.90
gh_001000__brake,brake,transfered,4,0.7143,1.0,1.0,0.0,1.0000,0.00
gh_001000__brake,brake,origin,1,0.7143,1.0,1.0,0.0,1.0000,2.90
gh_001000__brake,brake,origin,2,0.0000,0.0,0.0,0.0,1.0000,1.90
gh_001000__brake,brake,origin,3,0.0000,0.0,0.0,1.0,1.0000,0.90
gh_001000__brake,brake,origin,4,0.0000,0.0,0.0,0.0,1.0000,0.00
gh_001000__none,none,transfered,1,0.0000,0.0,1.0,0.0,0.3963,2.90
gh_001000__none,none,transfered,2,0.4314,1.0,1.0,0.0,0.6040,1.90
gh_001000__none,none,transfered,3,0.7143,1.0,1.0,0.0,1.0000,0.90
gh_001000__none,none,transfered,4,0.7143,1.0,1.0,0.0,1.0000,0.00
gh_001000__none,none,origin,1,0.0000,0.0,1.0,0.0,0.3975,2.90
gh_001000__none,none,origin,2,0.4404,1.0,1.0,0.0,0.6166,1.90
gh_001000__none,none,origin,3,0.7143,1.0,1.0,0.0,1.0000,0.90
gh_001000__none,none,origin,4,0.7143,1.0,1.0,0.0,1.0000,0.00
gh_001000__swerve,swerve,transfered,1,0.5141,1.0,1.0,0.0,0.7198,2.90
gh_001000__swerve,swerve,transfered,2,0.4326,1.0,1.0,0.0,0.6056,1.90
gh_001000__swerve,swerve,transfered,3,0.7143,1.0,1.0,0.0,1.0000,0.90
gh_001000__swerve,swerve,transfered,4,0.7143,1.0,1.0,0.0,1.0000,0.00
gh_001000__swerve,swerve,origin,1,0.5845,1.0,1.0,0.0,0.8184,2.90
gh_001000__swerve,swerve,origin,2,0.4968,1.0,1.0,0.0,0.6956,1.90
gh_001000__swerve,swerve,origin,3,0.7143,1.0,1.0,0.0,1.0000,0.90
gh_001000__swerve,swerve,origin,4,0.7143,1.0,1.0,0.0,1.0000,0.00
gh_001001__brake,brake,transfered,1,0.0000,0.0,0.0,0.0,1.0000,2.90
gh_001001__brake,brake,transfered,2,0.0000,0.0,0.0,0.0,1.0000,1.90
gh_001001__brake,brake,transfered,3,0.0000,0.0,0.0,0.0,1.0000,0.90
gh_001001__brake,brake,transfered,4,0.0000,0.0,0.0,0.0,1.0000,0.00
gh_001001__brake,brake,origin,1,0.0000,0.0,0.0,1.0,1.0000,2.90
gh_001001__brake,brake,origin,2,0.0000,0.0,0.0,1.0,1.0000,1.90
gh_001001__brake,brake,origin,3,0.0000,0.0,0.0,1.0,1.0000,0.90
gh_001001__brake,brake,origin,4,0.0000,0.0,0.0,1.0,1.0000,0.00
gh_001001__none,none,transfered,1,0.0000,0.0,1.0,0.0,1.0000,2.90
gh_001001__none,none,transfered,2,1.0000,1.0,1.0,1.0,1.0000,1.90
gh_001001__none,none,transfered,3,0.7143,1.0,1.0,0.0,1.0000,0.90
gh_001001__none,none,transfered,4,0.7143,1.0,1.0,0.0,1.0000,0.00
gh_001001__none,none,origin,1,0.0000,0.0,1.0,0.0,0.8534,2.90
gh_001001__none,none,origin,2,0.6285,1.0,1.0,0.0,0.8799,1.90
gh_001001__none,none,origin,3,0.7143,1.0,1.0,0.0,1.0000,0.90
gh_001001__none,none,origin,4,0.7143,1.0,1.0,0.0,1.0000,0.00
gh_001001__swerve,swerve,transfered,1,0.0000,0.0,1.0,0.0,1.0000,2.90
gh_001001__swerve,swerve,transfered,2,1.0000,1.0,1.0,1.0,1.0000,1.90
gh_001001__swerve,swerve,transfered,3,0.7143,1.0,1.0,0.0,1.0000,0.90
gh_001001__swerve,swerve,transfered,4,0.7143,1.0,1.0,0.0,1.0000,0.00
gh_001001__swerve,swerve,origin,1,0.0000,0.0,1.0,0.0,0.6921,2.90
gh_001001__swerve,swerve,origin,2,0.5378,1.0,1.0,0.0,0.7530,1.90
gh_001001__swerve,swerve,origin,3,0.7143,1.0,1.0,0.0,1.0000,0.90
gh_001001__swerve,swerve,origin,4,0.7143,1.0,1.0,0.0,1.0000,0.00
gh_001002__brake,brake,transfered,1,1.0000,1.0,1.0,1.0,1.0000,2.90
gh_001002__brake,brake,transfered,2,1.0000,1.0,1.0,1.0,1.0000,1.90
gh_001002__brake,brake,transfered,3,0.7143,1.0,1.0,0.0,1.0000,0.90
gh_001002__brake,brake,transfered,4,0.7143,1.0,1.0,0.0,1.0000,0.00
gh_001002__brake,brake,origin,1,1.0000,1.0,1.0,1.0,1.0000,2.90
gh_001002__brake,brake,origin,2,1.0000,1.0,1.0,1.0,1.0000,1.90
gh_001002__brake,brake,origin,3,0.7143,1.0,1.0,0.0,1.0000,0.90
gh_001002__brake,brake,origin,4,0.7143,1.0,1.0,0.0,1.0000,0.00
gh_001002__none,none,transfered,1,0.0000,0.0,0.0,0.0,0.3454,2.90
gh_001002__none,none,transfered,2,0.0000,0.0,1.0,1.0,0.5065,1.90
gh_001002__none,none,transfered,3,0.7143,1.0,1.0,0.0,1.0000,0.90
gh_001002__none,none,transfered,4,1.0000,1.0,1.0,1.0,1.0000,0.00
gh_001002__none,none,origin,1,0.0000,0.0,0.0,0.0,0.4233,2.90
gh_001002__none,none,origin,2,0.0000,0.0,1.0,1.0,0.7203,1.90
gh_001002__none,none,origin,3,0.7143,1.0,1.0,0.0,1.0000,0.90
gh_001002__none,none,origin,4,0.7143,1.0,1.0,0.0,1.0000,0.00
gh_001002__swerve,swerve,transfered,1,0.2935,1.0,1.0,0.0,0.4108,2.90
gh_001002__swerve,swerve,transfered,2,0.5300,1.0,1.0,0.0,0.7419,1.90
gh_001002__swerve,swerve,transfered,3,1.0000,1.0,1.0,1.0,1.0000,0.90
gh_001002__swerve,swerve,transfered,4,1.0000,1.0,1.0,1.0,1.0000,0.00
gh_001002__swerve,swerve,origin,1,0.8452,1.0,1.0,1.0,0.7833,2.90
gh_001002__swerve,swerve,origin,2,0.7143,1.0,1.0,0.0,1.0000,1.90
gh_001002__swerve,swerve,origin,3,0.7143,1.0,1.0,0.0,1.0000,0.90
gh_001002__swerve,swerve,origin,4,0.7143,1.0,1.0,0.0,1.0000,0.00
gh_001003__brake,brake,transfered,1,1.0000,1.0,1.0,1.0,1.0000,2.90
gh_001003__brake,brake,transfered,2,1.0000,1.0,1.0,1.0,1.0000,1.90
gh_001003__brake,brake,transfered,3,1.0000,1.0,1.0,1.0,1.0000,0.90
gh_001003__brake,brake,transfered,4,1.0000,1.0,1.0,1.0,1.0000,0.00
gh_001003__brake,brake,origin,1,0.7143,1.0,1.0,0.0,1.0000,2.90
gh_001003__brake,brake,origin,2,1.0000,1.0,1.0,1.0,1.0000,1.90
gh_001003__brake,brake,origin,3,1.0000,1.0,1.0,1.0,1.0000,0.90
gh_001003__brake,brake,origin,4,0.7143,1.0,1.0,0.0,1.0000,0.00
gh_001003__none,none,transfered,1,0.0000,0.0,1.0,0.0,0.3602,2.90
gh_001003__none,none,transfered,2,0.3933,1.0,1.0,0.0,0.5506,1.90
gh_001003__none,none,transfered,3,0.7143,1.0,1.0,0.0,1.0000,0.90
gh_001003__none,none,transfered,4,0.7143,1.0,1.0,0.0,1.0000,0.00
gh_001003__none,none,origin,1,0.0000,0.0,1.0,0.0,0.4016,2.90
gh_001003__none,none,origin,2,0.4082,1.0,1.0,0.0,0.5715,1.90
gh_001003__none,none,origin,3,0.7143,1.0,1.0,0.0,1.0000,0.90
gh_001003__none,none,origin,4,0.7143,1.0,1.0,0.0,1.0000,0.00
gh_001003__swerve,swerve,transfered,1,0.4244,1.0,1.0,0.0,0.5942,2.90
gh_001003__swerve,swerve,transfered,2,0.4281,1.0,1.0,0.0,0.5994,1.90
gh_001003__swerve,swerve,transfered,3,0.7143,1.0,1.0,0.0,1.0000,0.90
gh_001003__swerve,swerve,transfered,4,0.7143,1.0,1.0,0.0,1.0000,0.00
gh_001003__swerve,swerve,origin,1,0.4172,1.0,1.0,0.0,0.5841,2.90
gh_001003__swerve,swerve,origin,2,0.4031,1.0,1.0,0.0,0.5644,1.90
gh_001003__swerve,swerve,origin,3,0.7143,1.0,1.0,0.0,1.0000,0.90
gh_001003__swerve,swerve,origin,4,0.7143,1.0,1.0,0.0,1.0000,0.00
gh_001004__brake,brake,transfered,1,0.0000,0.0,0.0,1.0,1.0000,2.90
gh_001004__brake,brake,transfered,2,1.0000,1.0,1.0,1.0,1.0000,1.90
gh_001004__brake,brake,transfered,3,1.0000,1.0,1.0,1.0,1.0000,0.90
gh_001004__brake,brake,transfered,4,0.0000,0.0,0.0,0.0,1.0000,0.00
gh_001004__brake,brake,origin,1,0.7143,1.0,1.0,0.0,1.0000,2.90
gh_001004__brake,brake,origin,2,0.0000,0.0,0.0,0.0,1.0000,1.90
gh_001004__brake,brake,origin,3,1.0000,1.0,1.0,1.0,1.0000,0.90
gh_001004__brake,brake,origin,4,0.0000,0.0,0.0,0.0,1.0000,0.00
gh_001004__none,none,transfered,1,0.0000,0.0,0.0,0.0,0.2924,2.90
gh_001004__none,none,transfered,2,0.3236,1.0,1.0,0.0,0.4531,1.90
gh_001004__none,none,transfered,3,0.7143,1.0,1.0,0.0,1.0000,0.90
gh_001004__none,none,transfered,4,0.7143,1.0,1.0,0.0,1.0000,0.00
gh_001004__none,none,origin,1,0.0000,0.0,0.0,0.0,0.3678,2.90
gh_001004__none,none,origin,2,0.0000,0.0,1.0,0.0,0.4019,1.90
gh_001004__none,none,origin,3,1.0000,1.0,1.0,1.0,1.0000,0.90
gh_001004__none,none,origin,4,0.7143,1.0,1.0,0.0,1.0000,0.00
gh_001004__swerve,swerve,transfered,1,0.3101,1.0,1.0,0.0,0.4341,2.90
gh_001004__swerve,swerve,transfered,2,0.0000,0.0,1.0,0.0,0.3902,1.90
gh_001004__swerve,swerve,transfered,3,0.8160,1.0,1.0,1.0,0.7424,0.90
gh_001004__swerve,swerve,transfered,4,0.7143,1.0,1.0,0.0,1.0000,0.00
gh_001004__swerve,swerve,origin,1,0.3272,1.0,1.0,0.0,0.4581,2.90
gh_001004__swerve,swerve,origin,2,0.3051,1.0,1.0,0.0,0.4271,1.90
gh_001004__swerve,swerve,origin,3,0.8017,1.0,1.0,1.0,0.7224,0.90
gh_001004__swerve,swerve,origin,4,0.7143,1.0,1.0,0.0,1.0000,0.00
gh_001005__brake,brake,transfered,1,0.0000,0.0,0.0,0.0,1.0000,2.90
gh_001005__brake,brake,transfered,2,0.0000,0.0,0.0,0.0,1.0000,1.90
gh_001005__brake,brake,transfered,3,0.0000,0.0,0.0,0.0,1.0000,0.90
gh_001005__brake,brake,transfered,4,0.0000,0.0,0.0,0.0,1.0000,0.00
gh_001005__brake,brake,origin,1,0.0000,0.0,0.0,0.0,1.0000,2.90
gh_001005__brake,brake,origin,2,0.0000,0.0,0.0,1.0,1.0000,1.90
gh_001005__brake,brake,origin,3,0.0000,0.0,0.0,1.0,1.0000,0.90
gh_001005__brake,brake,origin,4,0.0000,0.0,0.0,0.0,1.0000,0.00
gh_001005__none,none,transfered,1,0.0000,0.0,1.0,0.0,0.9445,2.90
gh_001005__none,none,transfered,2,0.7143,1.0,1.0,0.0,1.0000,1.90
gh_001005__none,none,transfered,3,0.7143,1.0,1.0,0.0,1.0000,0.90
gh_001005__none,none,transfered,4,0.7143,1.0,1.0,0.0,1.0000,0.00
gh_001005__none,none,origin,1,0.0000,0.0,1.0,0.0,0.4349,2.90
gh_001005__none,none,origin,2,0.5135,1.0,1.0,0.0,0.7189,1.90
gh_001005__none,none,origin,3,0.6108,1.0,1.0,0.0,0.8551,0.90
gh_001005__none,none,origin,4,0.7143,1.0,1.0,0.0,1.0000,0.00
gh_001005__swerve,swerve,transfered,1,0.0000,0.0,1.0,0.0,0.8291,2.90
gh_001005__swerve,swerve,transfered,2,0.7143,1.0,1.0,0.0,1.0000,1.90
gh_001005__swerve,swerve,transfered,3,0.7143,1.0,1.0,0.0,1.0000,0.90
gh_001005__swerve,swerve,transfered,4,0.7143,1.0,1.0,0.0,1.0000,0.00
gh_001005__swerve,swerve,origin,1,0.0000,0.0,1.0,0.0,0.1911,2.90
gh_001005__swerve,swerve,origin,2,0.3865,1.0,1.0,0.0,0.5411,1.90
gh_001005__swerve,swerve,origin,3,0.7143,1.0,1.0,0.0,1.0000,0.90
gh_001005__swerve,swerve,origin,4,0.7143,1.0,1.0,0.0,1.0000,0.00
gh_001006__brake,brake,transfered,1,1.0000,1.0,1.0,1.0,1.0000,2.90
gh_001006__brake,brake,transfered,2,1.0000,1.0,1.0,1.0,1.0000,1.90
gh_001006__brake,brake,transfered,3,0.7143,1.0,1.0,0.0,1.0000,0.90
gh_001006__brake,brake,transfered,4,0.7143,1.0,1.0,0.0,1.0000,0.00
gh_001006__brake,brake,origin,1,1.0000,1.0,1.0,1.0,1.0000,2.90
gh_001006__brake,brake,origin,2,1.0000,1.0,1.0,1.0,1.0000,1.90
gh_001006__brake,brake,origin,3,1.0000,1.0,1.0,1.0,1.0000,0.90
gh_001006__brake,brake,origin,4,1.0000,1.0,1.0,1.0,1.0000,0.00
gh_001006__none,none,transfered,1,0.0000,0.0,0.0,1.0,1.0000,2.90
gh_001006__none,none,transfered,2,0.7143,1.0,1.0,0.0,1.0000,1.90
gh_001006__none,none,transfered,3,0.7143,1.0,1.0,0.0,1.0000,0.90
gh_001006__none,none,transfered,4,1.0000,1.0,1.0,1.0,1.0000,0.00
gh_001006__none,none,origin,1,0.0000,0.0,1.0,0.0,0.5927,2.90
gh_001006__none,none,origin,2,0.7143,1.0,1.0,0.0,1.0000,1.90
gh_001006__none,none,origin,3,0.7143,1.0,1.0,0.0,1.0000,0.90
gh_001006__none,none,origin,4,0.7143,1.0,1.0,0.0,1.0000,0.00
gh_001006__swerve,swerve,transfered,1,0.7143,1.0,1.0,0.0,1.0000,2.90
gh_001006__swerve,swerve,transfered,2,0.7143,1.0,1.0,0.0,1.0000,1.90
gh_001006__swerve,swerve,transfered,3,0.7143,1.0,1.0,0.0,1.0000,0.90
gh_001006__swerve,swerve,transfered,4,0.7143,1.0,1.0,0.0,1.0000,0.00
gh_001006__swerve,swerve,origin,1,0.2210,1.0,1.0,0.0,0.3094,2.90
gh_001006__swerve,swerve,origin,2,0.7143,1.0,1.0,0.0,1.0000,1.90
gh_001006__swerve,swerve,origin,3,0.7143,1.0,1.0,0.0,1.0000,0.90
gh_001006__swerve,swerve,origin,4,0.7143,1.0,1.0,0.0,1.0000,0.00
gh_001007__brake,brake,transfered,1,1.0000,1.0,1.0,1.0,1.0000,2.90
gh_001007__brake,brake,transfered,2,1.0000,1.0,1.0,1.0,1.0000,1.90
gh_001007__brake,brake,transfered,3,1.0000,1.0,1.0,1.0,1.0000,0.90
gh_001007__brake,brake,transfered,4,1.0000,1.0,1.0,1.0,1.0000,0.00
gh_001007__brake,brake,origin,1,0.7143,1.0,1.0,0.0,1.0000,2.90
gh_001007__brake,brake,origin,2,1.0000,1.0,1.0,1.0,1.0000,1.90
gh_001007__brake,brake,origin,3,0.7143,1.0,1.0,0.0,1.0000,0.90
gh_001007__brake,brake,origin,4,0.7143,1.0,1.0,0.0,1.0000,0.00
gh_001007__none,none,transfered,1,0.0000,0.0,0.0,0.0,0.5412,2.90
gh_001007__none,none,transfered,2,0.0000,0.0,1.0,0.0,0.8612,1.90
gh_001007__none,none,transfered,3,0.6704,1.0,1.0,0.0,0.9386,0.90
gh_001007__none,none,transfered,4,0.7143,1.0,1.0,0.0,1.0000,0.00
gh_001007__none,none,origin,1,0.0000,0.0,0.0,0.0,1.0000,2.90
gh_001007__none,none,origin,2,0.0000,0.0,1.0,1.0,1.0000,1.90
gh_001007__none,none,origin,3,0.7143,1.0,1.0,0.0,1.0000,0.90
gh_001007__none,none,origin,4,0.7143,1.0,1.0,0.0,1.0000,0.00
gh_001007__swerve,swerve,transfered,1,0.5290,1.0,1.0,0.0,0.7405,2.90
gh_001007__swerve,swerve,transfered,2,0.6139,1.0,1.0,0.0,0.8595,1.90
gh_001007__swerve,swerve,transfered,3,0.7143,1.0,1.0,0.0,1.0000,0.90
gh_001007__swerve,swerve,transfered,4,0.7143,1.0,1.0,0.0,1.0000,0.00
gh_001007__swerve,swerve,origin,1,0.4504,1.0,1.0,0.0,0.6305,2.90
gh_001007__swerve,swerve,origin,2,0.6501,1.0,1.0,0.0,0.9102,1.90
gh_001007__swerve,swerve,origin,3,1.0000,1.0,1.0,1.0,1.0000,0.90
gh_001007__swerve,swerve,origin,4,0.7143,1.0,1.0,0.0,1.0000,0.00
gh_001008__brake,brake,transfered,1,1.0000,1.0,1.0,1.0,1.0000,2.90
gh_001008__brake,brake,transfered,2,1.0000,1.0,1.0,1.0,1.0000,1.90
gh_001008__brake,brake,transfered,3,1.0000,1.0,1.0,1.0,1.0000,0.90
gh_001008__brake,brake,transfered,4,1.0000,1.0,1.0,1.0,1.0000,0.00
gh_001008__brake,brake,origin,1,1.0000,1.0,1.0,1.0,1.0000,2.90
gh_001008__brake,brake,origin,2,1.0000,1.0,1.0,1.0,1.0000,1.90
gh_001008__brake,brake,origin,3,1.0000,1.0,1.0,1.0,1.0000,0.90
gh_001008__brake,brake,origin,4,1.0000,1.0,1.0,1.0,1.0000,0.00
gh_001008__none,none,transfered,1,0.2395,1.0,1.0,0.0,0.3353,2.90
gh_001008__none,none,transfered,2,0.0000,0.0,1.0,0.0,0.5044,1.90
gh_001008__none,none,transfered,3,0.7143,1.0,1.0,0.0,1.0000,0.90
gh_001008__none,none,transfered,4,0.7143,1.0,1.0,0.0,1.0000,0.00
gh_001008__none,none,origin,1,0.2296,1.0,1.0,0.0,0.3214,2.90
gh_001008__none,none,origin,2,0.0000,0.0,1.0,0.0,0.5938,1.90
gh_001008__none,none,origin,3,0.7143,1.0,1.0,0.0,1.0000,0.90
gh_001008__none,none,origin,4,0.7143,1.0,1.0,0.0,1.0000,0.00
gh_001008__swerve,swerve,transfered,1,0.5165,1.0,1.0,0.0,0.7231,2.90
gh_001008__swerve,swerve,transfered,2,0.3500,1.0,1.0,0.0,0.4900,1.90
gh_001008__swerve,swerve,transfered,3,0.7143,1.0,1.0,0.0,1.0000,0.90
gh_001008__swerve,swerve,transfered,4,0.7143,1.0,1.0,0.0,1.0000,0.00
gh_001008__swerve,swerve,origin,1,0.5095,1.0,1.0,0.0,0.7133,2.90
gh_001008__swerve,swerve,origin,2,0.4061,1.0,1.0,0.0,0.5685,1.90
gh_001008__swerve,swerve,origin,3,0.7143,1.0,1.0,0.0,1.0000,0.90
gh_001008__swerve,swerve,origin,4,0.7143,1.0,1.0,0.0,1.0000,0.00
gh_001009__brake,brake,transfered,1,1.0000,1.0,1.0,1.0,1.0000,2.90
gh_001009__brake,brake,transfered,2,1.0000,1.0,1.0,1.0,1.0000,1.90
gh_001009__brake,brake,transfered,3,1.0000,1.0,1.0,1.0,1.0000,0.90
gh_001009__brake,brake,transfered,4,1.0000,1.0,1.0,1.0,1.0000,0.00
gh_001009__brake,brake,origin,1,1.0000,1.0,1.0,1.0,1.0000,2.90
gh_001009__brake,brake,origin,2,1.0000,1.0,1.0,1.0,1.0000,1.90
gh_001009__brake,brake,origin,3,1.0000,1.0,1.0,1.0,1.0000,0.90
gh_001009__brake,brake,origin,4,1.0000,1.0,1.0,1.0,1.0000,0.00
gh_001009__none,none,transfered,1,0.2331,1.0,1.0,0.0,0.3264,2.90
gh_001009__none,none,transfered,2,0.3619,1.0,1.0,0.0,0.5067,1.90
gh_001009__none,none,transfered,3,0.7143,1.0,1.0,0.0,1.0000,0.90
gh_001009__none,none,transfered,4,0.7143,1.0,1.0,0.0,1.0000,0.00
gh_001009__none,none,origin,1,0.2325,1.0,1.0,0.0,0.3256,2.90
gh_001009__none,none,origin,2,0.3731,1.0,1.0,0.0,0.5224,1.90
gh_001009__none,none,origin,3,0.7143,1.0,1.0,0.0,1.0000,0.90
gh_001009__none,none,origin,4,0.7143,1.0,1.0,0.0,1.0000,0.00
gh_001009__swerve,swerve,transfered,1,0.4639,1.0,1.0,0.0,0.6494,2.90
gh_001009__swerve,swerve,transfered,2,0.3477,1.0,1.0,0.0,0.4867,1.90
gh_001009__swerve,swerve,transfered,3,0.7035,1.0,1.0,0.0,0.9849,0.90
gh_001009__swerve,swerve,transfered,4,0.7143,1.0,1.0,0.0,1.0000,0.00
gh_001009__swerve,swerve,origin,1,0.5138,1.0,1.0,0.0,0.7193,2.90
gh_001009__swerve,swerve,origin,2,0.3644,1.0,1.0,0.0,0.5102,1.90
gh_001009__swerve,swerve,origin,3,0.7143,1.0,1.0,0.0,1.0000,0.90
gh_001009__swerve,swerve,origin,4,0.7143,1.0,1.0,0.0,1.0000,0.00
gh_001010__brake,brake,transfered,1,1.0000,1.0,1.0,1.0,1.0000,2.90
gh_001010__brake,brake,transfered,2,1.0000,1.0,1.0,1.0,1.0000,1.90
gh_001010__brake,brake,transfered,3,0.7143,1.0,1.0,0.0,1.0000,0.90
gh_001010__brake,brake,transfered,4,0.7143,1.0,1.0,0.0,1.0000,0.00
gh_001010__brake,brake,origin,1,0.0000,0.0,0.0,0.0,1.0000,2.90
gh_001010__brake,brake,origin,2,0.0000,0.0,0.0,0.0,1.0000,1.90
gh_001010__brake,brake,origin,3,0.0000,0.0,0.0,1.0,1.0000,0.90
gh_001010__brake,brake,origin,4,0.0000,0.0,0.0,0.0,1.0000,0.00
gh_001010__none,none,transfered,1,0.0000,0.0,1.0,0.0,0.2747,2.90
gh_001010__none,none,transfered,2,0.0000,0.0,0.0,0.0,0.4363,1.90
gh_001010__none,none,transfered,3,1.0000,1.0,1.0,1.0,1.0000,0.90
gh_001010__none,none,transfered,4,0.7143,1.0,1.0,0.0,1.0000,0.00
gh_001010__none,none,origin,1,0.0000,0.0,1.0,1.0,1.0000,2.90
gh_001010__none,none,origin,2,0.0000,0.0,1.0,1.0,1.0000,1.90
gh_001010__none,none,origin,3,1.0000,1.0,1.0,1.0,1.0000,0.90
gh_001010__none,none,origin,4,0.7143,1.0,1.0,0.0,1.0000,0.00
gh_001010__swerve,swerve,transfered,1,0.4149,1.0,1.0,0.0,0.5808,2.90
gh_001010__swerve,swerve,transfered,2,0.0000,0.0,0.0,1.0,0.5186,1.90
gh_001010__swerve,swerve,transfered,3,0.0000,0.0,1.0,1.0,1.0000,0.90
gh_001010__swerve,swerve,transfered,4,1.0000,1.0,1.0,1.0,1.0000,0.00
gh_001010__swerve,swerve,origin,1,0.4073,1.0,1.0,0.0,0.5703,2.90
gh_001010__swerve,swerve,origin,2,0.0000,0.0,0.0,1.0,1.0000,1.90
gh_001010__swerve,swerve,origin,3,0.0000,0.0,1.0,1.0,1.0000,0.90
gh_001010__swerve,swerve,origin,4,1.0000,1.0,1.0,1.0,1.0000,0.00
gh_001011__brake,brake,transfered,1,0.0000,0.0,0.0,0.0,1.0000,2.90
gh_001011__brake,brake,transfered,2,0.0000,0.0,0.0,0.0,1.0000,1.90
gh_001011__brake,brake,transfered,3,0.0000,0.0,0.0,0.0,1.0000,0.90
gh_001011__brake,brake,transfered,4,0.0000,0.0,0.0,0.0,1.0000,0.00
gh_001011__brake,brake,origin,1,0.0000,0.0,0.0,0.0,1.0000,2.90
gh_001011__brake,brake,origin,2,0.0000,0.0,0.0,1.0,1.0000,1.90
gh_001011__brake,brake,origin,3,0.0000,0.0,0.0,1.0,1.0000,0.90
gh_001011__brake,brake,origin,4,0.0000,0.0,0.0,1.0,1.0000,0.00
gh_001011__none,none,transfered,1,0.6726,1.0,1.0,0.0,0.9416,2.90
gh_001011__none,none,transfered,2,0.7143,1.0,1.0,0.0,1.0000,1.90
gh_001011__none,none,transfered,3,0.7143,1.0,1.0,0.0,1.0000,0.90
gh_001011__none,none,transfered,4,0.7143,1.0,1.0,0.0,1.0000,0.00
gh_001011__none,none,origin,1,0.0000,0.0,1.0,0.0,0.5642,2.90
gh_001011__none,none,origin,2,0.5248,1.0,1.0,0.0,0.7347,1.90
gh_001011__none,none,origin,3,0.7143,1.0,1.0,0.0,1.0000,0.90
gh_001011__none,none,origin,4,0.7143,1.0,1.0,0.0,1.0000,0.00
gh_001011__swerve,swerve,transfered,1,0.2293,1.0,1.0,0.0,0.3210,2.90
gh_001011__swerve,swerve,transfered,2,0.7143,1.0,1.0,0.0,1.0000,1.90
gh_001011__swerve,swerve,transfered,3,0.7143,1.0,1.0,0.0,1.0000,0.90
gh_001011__swerve,swerve,transfered,4,0.7143,1.0,1.0,0.0,1.0000,0.00
gh_001011__swerve,swerve,origin,1,0.3761,1.0,1.0,0.0,0.5265,2.90
gh_001011__swerve,swerve,origin,2,0.2349,1.0,1.0,0.0,0.3289,1.90
gh_001011__swerve,swerve,origin,3,0.7143,1.0,1.0,0.0,1.0000,0.90
gh_001011__swerve,swerve,origin,4,0.7143,1.0,1.0,0.0,1.0000,0.00
gh_001012__brake,brake,transfered,1,1.0000,1.0,1.0,1.0,1.0000,2.90
gh_001012__brake,brake,transfered,2,0.7143,1.0,1.0,0.0,1.0000,1.90
gh_001012__brake,brake,transfered,3,0.7143,1.0,1.0,0.0,1.0000,0.90
gh_001012__brake,brake,transfered,4,0.7143,1.0,1.0,0.0,1.0000,0.00
gh_001012__brake,brake,origin,1,1.0000,1.0,1.0,1.0,1.0000,2.90
gh_001012__brake,brake,origin,2,1.0000,1.0,1.0,1.0,1.0000,1.90
gh_001012__brake,brake,origin,3,1.0000,1.0,1.0,1.0,1.0000,0.90
gh_001012__brake,brake,origin,4,1.0000,1.0,1.0,1.0,1.0000,0.00
gh_001012__none,none,transfered,1,0.0000,0.0,0.0,1.0,1.0000,2.90
gh_001012__none,none,transfered,2,0.0000,0.0,1.0,0.0,1.0000,1.90
gh_001012__none,none,transfered,3,0.7143,1.0,1.0,0.0,1.0000,0.90
gh_001012__none,none,transfered,4,0.7143,1.0,1.0,0.0,1.0000,0.00
gh_001012__none,none,origin,1,0.0000,0.0,0.0,0.0,0.5589,2.90
gh_001012__none,none,origin,2,0.0000,0.0,1.0,0.0,0.7083,1.90
gh_001012__none,none,origin,3,0.7143,1.0,1.0,0.0,1.0000,0.90
gh_001012__none,none,origin,4,0.7143,1.0,1.0,0.0,1.0000,0.00
gh_001012__swerve,swerve,transfered,1,0.6002,1.0,1.0,0.0,0.8403,2.90
gh_001012__swerve,swerve,transfered,2,1.0000,1.0,1.0,1.0,1.0000,1.90
gh_001012__swerve,swerve,transfered,3,0.7143,1.0,1.0,0.0,1.0000,0.90
gh_001012__swerve,swerve,transfered,4,0.7143,1.0,1.0,0.0,1.0000,0.00
gh_001012__swerve,swerve,origin,1,0.5241,1.0,1.0,0.0,0.7338,2.90
gh_001012__swerve,swerve,origin,2,0.7143,1.0,1.0,0.0,1.0000,1.90
gh_001012__swerve,swerve,origin,3,0.7143,1.0,1.0,0.0,1.0000,0.90
gh_001012__swerve,swerve,origin,4,0.7143,1.0,1.0,0.0,1.0000,0.00
gh_001013__brake,brake,transfered,1,1.0000,1.0,1.0,1.0,1.0000,2.90
gh_001013__brake,brake,transfered,2,1.0000,1.0,1.0,1.0,1.0000,1.90
gh_001013__brake,brake,transfered,3,1.0000,1.0,1.0,1.0,1.0000,0.90
gh_001013__brake,brake,transfered,4,1.0000,1.0,1.0,1.0,1.0000,0.00
gh_001013__brake,brake,origin,1,1.0000,1.0,1.0,1.0,1.0000,2.90
gh_001013__brake,brake,origin,2,1.0000,1.0,1.0,1.0,1.0000,1.90
gh_001013__brake,brake,origin,3,1.0000,1.0,1.0,1.0,1.0000,0.90
gh_001013__brake,brake,origin,4,0.7143,1.0,1.0,0.0,1.0000,0.00
gh_001013__none,none,transfered,1,0.3776,1.0,1.0,0.0,0.5286,2.90
gh_001013__none,none,transfered,2,0.0000,0.0,1.0,0.0,0.9699,1.90
gh_001013__none,none,transfered,3,0.7143,1.0,1.0,0.0,1.0000,0.90
gh_001013__none,none,transfered,4,0.7143,1.0,1.0,0.0,1.0000,0.00
gh_001013__none,none,origin,1,0.0000,0.0,0.0,0.0,0.3989,2.90
gh_001013__none,none,origin,2,0.0000,0.0,1.0,0.0,0.6480,1.90
gh_001013__none,none,origin,3,0.7143,1.0,1.0,0.0,1.0000,0.90
gh_001013__none,none,origin,4,0.7143,1.0,1.0,0.0,1.0000,0.00
gh_001013__swerve,swerve,transfered,1,0.4744,1.0,1.0,0.0,0.6642,2.90
gh_001013__swerve,swerve,transfered,2,0.0000,0.0,1.0,0.0,0.8033,1.90
gh_001013__swerve,swerve,transfered,3,0.7143,1.0,1.0,0.0,1.0000,0.90
gh_001013__swerve,swerve,transfered,4,0.7143,1.0,1.0,0.0,1.0000,0.00
gh_001013__swerve,swerve,origin,1,0.2174,1.0,1.0,0.0,0.3043,2.90
gh_001013__swerve,swerve,origin,2,0.0000,0.0,1.0,0.0,0.7006,1.90
gh_001013__swerve,swerve,origin,3,0.7143,1.0,1.0,0.0,1.0000,0.90
gh_001013__swerve,swerve,origin,4,0.7143,1.0,1.0,0.0,1.0000,0.00
gh_001014__brake,brake,transfered,1,1.0000,1.0,1.0,1.0,1.0000,2.90
gh_001014__brake,brake,transfered,2,1.0000,1.0,1.0,1.0,1.0000,1.90
gh_001014__brake,brake,transfered,3,0.7143,1.0,1.0,0.0,1.0000,0.90
gh_001014__brake,brake,transfered,4,0.7143,1.0,1.0,0.0,1.0000,0.00
gh_001014__brake,brake,origin,1,1.0000,1.0,1.0,1.0,1.0000,2.90
gh_001014__brake,brake,origin,2,1.0000,1.0,1.0,1.0,1.0000,1.90
gh_001014__brake,brake,origin,3,0.7143,1.0,1.0,0.0,1.0000,0.90
gh_001014__brake,brake,origin,4,0.7143,1.0,1.0,0.0,1.0000,0.00
gh_001014__none,none,transfered,1,0.7433,1.0,1.0,1.0,0.6407,2.90
gh_001014__none,none,transfered,2,0.7143,1.0,1.0,0.0,1.0000,1.90
gh_001014__none,none,transfered,3,1.0000,1.0,1.0,1.0,1.0000,0.90
gh_001014__none,none,transfered,4,1.0000,1.0,1.0,1.0,1.0000,0.00
gh_001014__none,none,origin,1,1.0000,1.0,1.0,1.0,1.0000,2.90
gh_001014__none,none,origin,2,0.7143,1.0,1.0,0.0,1.0000,1.90
gh_001014__none,none,origin,3,0.7143,1.0,1.0,0.0,1.0000,0.90
gh_001014__none,none,origin,4,0.7143,1.0,1.0,0.0,1.0000,0.00
gh_001014__swerve,swerve,transfered,1,0.5680,1.0,1.0,0.0,0.7953,2.90
gh_001014__swerve,swerve,transfered,2,0.5863,1.0,1.0,0.0,0.8209,1.90
gh_001014__swerve,swerve,transfered,3,0.7143,1.0,1.0,0.0,1.0000,0.90
gh_001014__swerve,swerve,transfered,4,0.7143,1.0,1.0,0.0,1.0000,0.00
gh_001014__swerve,swerve,origin,1,0.5514,1.0,1.0,0.0,0.7720,2.90
gh_001014__swerve,swerve,origin,2,0.6145,1.0,1.0,0.0,0.8602,1.90
gh_001014__swerve,swerve,origin,3,1.0000,1.0,1.0,1.0,1.0000,0.90
gh_001014__swerve,swerve,origin,4,0.7143,1.0,1.0,0.0,1.0000,0.00
gh_001015__brake,brake,transfered,1,0.0000,1.0,0.0,1.0,1.0000,2.90
gh_001015__brake,brake,transfered,2,0.0000,0.0,0.0,0.0,1.0000,1.90
gh_001015__brake,brake,transfered,3,0.0000,0.0,0.0,0.0,1.0000,0.90
gh_001015__brake,brake,transfered,4,0.0000,0.0,0.0,0.0,1.0000,0.00
gh_001015__brake,brake,origin,1,0.0000,0.0,0.0,0.0,1.0000,2.90
gh_001015__brake,brake,origin,2,0.0000,0.0,0.0,1.0,1.0000,1.90
gh_001015__brake,brake,origin,3,0.0000,0.0,0.0,1.0,1.0000,0.90
gh_001015__brake,brake,origin,4,0.0000,0.0,0.0,0.0,1.0000,0.00
gh_001015__none,none,transfered,1,0.0000,0.0,1.0,0.0,0.9292,2.90
gh_001015__none,none,transfered,2,1.0000,1.0,1.0,1.0,1.0000,1.90
gh_001015__none,none,transfered,3,0.7143,1.0,1.0,0.0,1.0000,0.90
gh_001015__none,none,transfered,4,0.7143,1.0,1.0,0.0,1.0000,0.00
gh_001015__none,none,origin,1,0.0000,0.0,1.0,0.0,0.3763,2.90
gh_001015__none,none,origin,2,0.4222,1.0,1.0,0.0,0.5910,1.90
gh_001015__none,none,origin,3,0.7143,1.0,1.0,0.0,1.0000,0.90
gh_001015__none,none,origin,4,0.7143,1.0,1.0,0.0,1.0000,0.00
gh_001015__swerve,swerve,transfered,1,0.0000,1.0,0.0,0.0,0.2171,2.90
gh_001015__swerve,swerve,transfered,2,0.7143,1.0,1.0,0.0,1.0000,1.90
gh_001015__swerve,swerve,transfered,3,0.7143,1.0,1.0,0.0,1.0000,0.90
gh_001015__swerve,swerve,transfered,4,0.7143,1.0,1.0,0.0,1.0000,0.00
gh_001015__swerve,swerve,origin,1,0.2036,1.0,1.0,0.0,0.2851,2.90
gh_001015__swerve,swerve,origin,2,0.6848,1.0,1.0,0.0,0.9587,1.90
gh_001015__swerve,swerve,origin,3,0.7143,1.0,1.0,0.0,1.0000,0.90
gh_001015__swerve,swerve,origin,4,0.7143,1.0,1.0,0.0,1.0000,0.00
gh_001016__brake,brake,transfered,1,1.0000,1.0,1.0,1.0,1.0000,2.90
gh_001016__brake,brake,transfered,2,1.0000,1.0,1.0,1.0,1.0000,1.90
gh_001016__brake,brake,transfered,3,0.0000,1.0,0.0,0.0,1.0000,0.90
gh_001016__brake,brake,transfered,4,0.0000,0.0,0.0,1.0,1.0000,0.00
gh_001016__brake,brake,origin,1,0.0000,0.0,0.0,0.0,1.0000,2.90
gh_001016__brake,brake,origin,2,1.0000,1.0,1.0,1.0,1.0000,1.90
gh_001016__brake,brake,origin,3,1.0000,1.0,1.0,1.0,1.0000,0.90
gh_001016__brake,brake,origin,4,0.0000,0.0,0.0,0.0,1.0000,0.00
gh_001016__none,none,transfered,1,0.0000,0.0,0.0,0.0,0.2755,2.90
gh_001016__none,none,transfered,2,0.2801,1.0,1.0,0.0,0.3921,1.90
gh_001016__none,none,transfered,3,0.6514,1.0,1.0,0.0,0.9120,0.90
gh_001016__none,none,transfered,4,0.7143,1.0,1.0,0.0,1.0000,0.00
gh_001016__none,none,origin,1,0.0000,0.0,0.0,0.0,0.2920,2.90
gh_001016__none,none,origin,2,0.0000,0.0,1.0,0.0,0.3879,1.90
gh_001016__none,none,origin,3,1.0000,1.0,1.0,1.0,1.0000,0.90
gh_001016__none,none,origin,4,0.7143,1.0,1.0,0.0,1.0000,0.00
gh_001016__swerve,swerve,transfered,1,0.3055,1.0,1.0,0.0,0.4277,2.90
gh_001016__swerve,swerve,transfered,2,0.2509,1.0,1.0,0.0,0.3512,1.90
gh_001016__swerve,swerve,transfered,3,0.6451,1.0,1.0,0.0,0.9031,0.90
gh_001016__swerve,swerve,transfered,4,0.7143,1.0,1.0,0.0,1.0000,0.00
gh_001016__swerve,swerve,origin,1,0.3262,1.0,1.0,0.0,0.4566,2.90
gh_001016__swerve,swerve,origin,2,0.2490,1.0,1.0,0.0,0.3486,1.90
gh_001016__swerve,swerve,origin,3,0.7143,1.0,1.0,0.0,1.0000,0.90
gh_001016__swerve,swerve,origin,4,1.0000,1.0,1.0,1.0,1.0000,0.00
gh_001017__brake,brake,transfered,1,0.0000,1.0,0.0,0.0,0.4976,2.90
gh_001017__brake,brake,transfered,2,0.0000,0.0,0.0,1.0,1.0000,1.90
gh_001017__brake,brake,transfered,3,0.0000,0.0,0.0,1.0,1.0000,0.90
gh_001017__brake,brake,transfered,4,0.0000,0.0,0.0,1.0,1.0000,0.00
gh_001017__brake,brake,origin,1,0.0000,0.0,1.0,0.0,1.0000,2.90
gh_001017__brake,brake,origin,2,0.0000,0.0,0.0,0.0,1.0000,1.90
gh_001017__brake,brake,origin,3,0.0000,0.0,0.0,1.0,1.0000,0.90
gh_001017__brake,brake,origin,4,0.0000,0.0,0.0,0.0,1.0000,0.00
gh_001017__none,none,transfered,1,0.0000,0.0,1.0,0.0,0.7461,2.90
gh_001017__none,none,transfered,2,0.6364,1.0,1.0,0.0,0.8910,1.90
gh_001017__none,none,transfered,3,0.7143,1.0,1.0,0.0,1.0000,0.90
gh_001017__none,none,transfered,4,0.7143,1.0,1.0,0.0,1.0000,0.00
gh_001017__none,none,origin,1,0.0000,0.0,1.0,0.0,0.7530,2.90
gh_001017__none,none,origin,2,0.7103,1.0,1.0,0.0,0.9945,1.90
gh_001017__none,none,origin,3,0.7143,1.0,1.0,0.0,1.0000,0.90
gh_001017__none,none,origin,4,0.7143,1.0,1.0,0.0,1.0000,0.00
gh_001017__swerve,swerve,transfered,1,0.3460,1.0,1.0,0.0,0.4845,2.90
gh_001017__swerve,swerve,transfered,2,0.6296,1.0,1.0,0.0,0.8815,1.90
gh_001017__swerve,swerve,transfered,3,0.7143,1.0,1.0,0.0,1.0000,0.90
gh_001017__swerve,swerve,transfered,4,0.7143,1.0,1.0,0.0,1.0000,0.00
gh_001017__swerve,swerve,origin,1,0.2039,1.0,1.0,0.0,0.2854,2.90
gh_001017__swerve,swerve,origin,2,0.6292,1.0,1.0,0.0,0.8808,1.90
gh_001017__swerve,swerve,origin,3,0.7143,1.0,1.0,0.0,1.0000,0.90
gh_001017__swerve,swerve,origin,4,0.7143,1.0,1.0,0.0,1.0000,0.00
gh_001018__brake,brake,transfered,1,1.0000,1.0,1.0,1.0,1.0000,2.90
gh_001018__brake,brake,transfered,2,1.0000,1.0,1.0,1.0,1.0000,1.90
gh_001018__brake,brake,transfered,3,1.0000,1.0,1.0,1.0,1.0000,0.90
gh_001018__brake,brake,transfered,4,1.0000,1.0,1.0,1.0,1.0000,0.00
gh_001018__brake,brake,origin,1,1.0000,1.0,1.0,1.0,1.0000,2.90
gh_001018__brake,brake,origin,2,1.0000,1.0,1.0,1.0,1.0000,1.90
gh_001018__brake,brake,origin,3,1.0000,1.0,1.0,1.0,1.0000,0.90
gh_001018__brake,brake,origin,4,1.0000,1.0,1.0,1.0,1.0000,0.00
gh_001018__none,none,transfered,1,0.0000,0.0,0.0,0.0,0.3613,2.90
gh_001018__none,none,transfered,2,0.0000,0.0,1.0,0.0,0.5951,1.90
gh_001018__none,none,transfered,3,0.7143,1.0,1.0,0.0,1.0000,0.90
gh_001018__none,none,transfered,4,0.7143,1.0,1.0,0.0,1.0000,0.00
gh_001018__none,none,origin,1,0.0000,0.0,0.0,0.0,0.3980,2.90
gh_001018__none,none,origin,2,0.0000,0.0,1.0,0.0,0.9963,1.90
gh_001018__none,none,origin,3,0.7143,1.0,1.0,0.0,1.0000,0.90
gh_001018__none,none,origin,4,1.0000,1.0,1.0,1.0,1.0000,0.00
gh_001018__swerve,swerve,transfered,1,0.4421,1.0,1.0,0.0,0.6190,2.90
gh_001018__swerve,swerve,transfered,2,0.0000,0.0,1.0,0.0,0.8073,1.90
gh_001018__swerve,swerve,transfered,3,0.7143,1.0,1.0,0.0,1.0000,0.90
gh_001018__swerve,swerve,transfered,4,0.7143,1.0,1.0,0.0,1.0000,0.00
gh_001018__swerve,swerve,origin,1,0.1655,1.0,1.0,0.0,0.2317,2.90
gh_001018__swerve,swerve,origin,2,0.0000,0.0,1.0,0.0,1.0000,1.90
gh_001018__swerve,swerve,origin,3,0.7143,1.0,1.0,0.0,1.0000,0.90
gh_001018__swerve,swerve,origin,4,0.7143,1.0,1.0,0.0,1.0000,0.00
gh_001019__brake,brake,transfered,1,1.0000,1.0,1.0,1.0,1.0000,2.90
gh_001019__brake,brake,transfered,2,1.0000,1.0,1.0,1.0,1.0000,1.90
gh_001019__brake,brake,transfered,3,1.0000,1.0,1.0,1.0,1.0000,0.90
gh_001019__brake,brake,transfered,4,1.0000,1.0,1.0,1.0,1.0000,0.00
gh_001019__brake,brake,origin,1,0.7143,1.0,1.0,0.0,1.0000,2.90
gh_001019__brake,brake,origin,2,1.0000,1.0,1.0,1.0,1.0000,1.90
gh_001019__brake,brake,origin,3,1.0000,1.0,1.0,1.0,1.0000,0.90
gh_001019__brake,brake,origin,4,1.0000,1.0,1.0,1.0,1.0000,0.00
gh_001019__none,none,transfered,1,0.2337,1.0,1.0,0.0,0.3272,2.90
gh_001019__none,none,transfered,2,0.4847,1.0,1.0,0.0,0.6786,1.90
gh_001019__none,none,transfered,3,0.7143,1.0,1.0,0.0,1.0000,0.90
gh_001019__none,none,transfered,4,0.7143,1.0,1.0,0.0,1.0000,0.00
gh_001019__none,none,origin,1,0.6723,1.0,1.0,0.0,0.9413,2.90
gh_001019__none,none,origin,2,0.7143,1.0,1.0,0.0,1.0000,1.90
gh_001019__none,none,origin,3,0.7143,1.0,1.0,0.0,1.0000,0.90
gh_001019__none,none,origin,4,0.7143,1.0,1.0,0.0,1.0000,0.00
gh_001019__swerve,swerve,transfered,1,0.4705,1.0,1.0,0.0,0.6588,2.90
gh_001019__swerve,swerve,transfered,2,0.3655,1.0,1.0,0.0,0.5117,1.90
gh_001019__swerve,swerve,transfered,3,0.7143,1.0,1.0,0.0,1.0000,0.90
gh_001019__swerve,swerve,transfered,4,0.7143,1.0,1.0,0.0,1.0000,0.00
gh_001019__swerve,swerve,origin,1,0.4056,1.0,1.0,0.0,0.5678,2.90
gh_001019__swerve,swerve,origin,2,0.6558,1.0,1.0,0.0,0.9181,1.90
gh_001019__swerve,swerve,origin,3,0.7143,1.0,1.0,0.0,1.0000,0.90
gh_001019__swerve,swerve,origin,4,0.7143,1.0,1.0,0.0,1.0000,0.00
gh_001020__brake,brake,transfered,1,1.0000,1.0,1.0,1.0,1.0000,2.90
gh_001020__brake,brake,transfered,2,0.7143,1.0,1.0,0.0,1.0000,1.90
gh_001020__brake,brake,transfered,3,0.7143,1.0,1.0,0.0,1.0000,0.90
gh_001020__brake,brake,transfered,4,0.7143,1.0,1.0,0.0,1.0000,0.00
gh_001020__brake,brake,origin,1,1.0000,1.0,1.0,1.0,1.0000,2.90
gh_001020__brake,brake,origin,2,1.0000,1.0,1.0,1.0,1.0000,1.90
gh_001020__brake,brake,origin,3,1.0000,1.0,1.0,1.0,1.0000,0.90
gh_001020__brake,brake,origin,4,0.7143,1.0,1.0,0.0,1.0000,0.00
gh_001020__none,none,transfered,1,0.0000,0.0,1.0,0.0,0.7845,2.90
gh_001020__none,none,transfered,2,0.0000,0.0,1.0,0.0,1.0000,1.90
gh_001020__none,none,transfered,3,0.7143,1.0,1.0,0.0,1.0000,0.90
gh_001020__none,none,transfered,4,0.7143,1.0,1.0,0.0,1.0000,0.00
gh_001020__none,none,origin,1,0.0000,0.0,0.0,0.0,0.3491,2.90
gh_001020__none,none,origin,2,0.0000,0.0,1.0,0.0,0.5358,1.90
gh_001020__none,none,origin,3,0.7143,1.0,1.0,0.0,1.0000,0.90
gh_001020__none,none,origin,4,0.7143,1.0,1.0,0.0,1.0000,0.00
gh_001020__swerve,swerve,transfered,1,0.5261,1.0,1.0,0.0,0.7366,2.90
gh_001020__swerve,swerve,transfered,2,0.7143,1.0,1.0,0.0,1.0000,1.90
gh_001020__swerve,swerve,transfered,3,0.7143,1.0,1.0,0.0,1.0000,0.90
gh_001020__swerve,swerve,transfered,4,0.7143,1.0,1.0,0.0,1.0000,0.00
gh_001020__swerve,swerve,origin,1,0.3972,1.0,1.0,0.0,0.5561,2.90
gh_001020__swerve,swerve,origin,2,0.3490,1.0,1.0,0.0,0.4886,1.90
gh_001020__swerve,swerve,origin,3,0.7143,1.0,1.0,0.0,1.0000,0.90
gh_001020__swerve,swerve,origin,4,0.7143,1.0,1.0,0.0,1.0000,0.00
gh_001021__brake,brake,transfered,1,0.7143,1.0,1.0,0.0,1.0000,2.90
gh_001021__brake,brake,transfered,2,1.0000,1.0,1.0,1.0,1.0000,1.90
gh_001021__brake,brake,transfered,3,1.0000,1.0,1.0,1.0,1.0000,0.90
gh_001021__brake,brake,transfered,4,1.0000,1.0,1.0,1.0,1.0000,0.00
gh_001021__brake,brake,origin,1,0.0000,1.0,0.0,0.0,1.0000,2.90
gh_001021__brake,brake,origin,2,1.0000,1.0,1.0,1.0,1.0000,1.90
gh_001021__brake,brake,origin,3,1.0000,1.0,1.0,1.0,1.0000,0.90
gh_001021__brake,brake,origin,4,1.0000,1.0,1.0,1.0,1.0000,0.00
gh_001021__none,none,transfered,1,0.0000,0.0,1.0,0.0,0.5094,2.90
gh_001021__none,none,transfered,2,0.4928,1.0,1.0,0.0,0.6900,1.90
gh_001021__none,none,transfered,3,0.5105,1.0,1.0,1.0,0.3147,0.90
gh_001021__none,none,transfered,4,0.7143,1.0,1.0,0.0,1.0000,0.00
gh_001021__none,none,origin,1,0.0000,0.0,1.0,0.0,0.7548,2.90
gh_001021__none,none,origin,2,0.5922,1.0,1.0,0.0,0.8291,1.90
gh_001021__none,none,origin,3,0.5269,1.0,1.0,1.0,0.3377,0.90
gh_001021__none,none,origin,4,0.7143,1.0,1.0,0.0,1.0000,0.00
gh_001021__swerve,swerve,transfered,1,0.5265,1.0,1.0,0.0,0.7371,2.90
gh_001021__swerve,swerve,transfered,2,0.4999,1.0,1.0,0.0,0.6999,1.90
gh_001021__swerve,swerve,transfered,3,0.7143,1.0,1.0,0.0,1.0000,0.90
gh_001021__swerve,swerve,transfered,4,0.7143,1.0,1.0,0.0,1.0000,0.00
gh_001021__swerve,swerve,origin,1,0.5610,1.0,1.0,0.0,0.7853,2.90
gh_001021__swerve,swerve,origin,2,0.7143,1.0,1.0,0.0,1.0000,1.90
gh_001021__swerve,swerve,origin,3,0.7143,1.0,1.0,0.0,1.0000,0.90
gh_001021__swerve,swerve,origin,4,0.7143,1.0,1.0,0.0,1.0000,0.00
gh_001022__brake,brake,transfered,1,1.0000,1.0,1.0,1.0,1.0000,2.90
gh_001022__brake,brake,transfered,2,1.0000,1.0,1.0,1.0,1.0000,1.90
gh_001022__brake,brake,transfered,3,0.7143,1.0,1.0,0.0,1.0000,0.90
gh_001022__brake,brake,transfered,4,0.7143,1.0,1.0,0.0,1.0000,0.00
gh_001022__brake,brake,origin,1,0.0000,1.0,0.0,0.0,1.0000,2.90
gh_001022__brake,brake,origin,2,1.0000,1.0,1.0,1.0,1.0000,1.90
gh_001022__brake,brake,origin,3,1.0000,1.0,1.0,1.0,1.0000,0.90
gh_001022__brake,brake,origin,4,1.0000,1.0,1.0,1.0,1.0000,0.00
gh_001022__none,none,transfered,1,0.0000,0.0,1.0,0.0,0.2878,2.90
gh_001022__none,none,transfered,2,0.0000,0.0,1.0,1.0,0.5710,1.90
gh_001022__none,none,transfered,3,0.7143,1.0,1.0,0.0,1.0000,0.90
gh_001022__none,none,transfered,4,1.0000,1.0,1.0,1.0,1.0000,0.00
gh_001022__none,none,origin,1,0.0000,0.0,1.0,1.0,0.8343,2.90
gh_001022__none,none,origin,2,0.0000,0.0,1.0,0.0,1.0000,1.90
gh_001022__none,none,origin,3,0.7143,1.0,1.0,0.0,1.0000,0.90
gh_001022__none,none,origin,4,0.7143,1.0,1.0,0.0,1.0000,0.00
gh_001022__swerve,swerve,transfered,1,0.3504,1.0,1.0,0.0,0.4906,2.90
gh_001022__swerve,swerve,transfered,2,0.0000,0.0,1.0,0.0,0.4189,1.90
gh_001022__swerve,swerve,transfered,3,0.8279,1.0,1.0,1.0,0.7591,0.90
gh_001022__swerve,swerve,transfered,4,0.7143,1.0,1.0,0.0,1.0000,0.00
gh_001022__swerve,swerve,origin,1,0.3983,1.0,1.0,0.0,0.5576,2.90
gh_001022__swerve,swerve,origin,2,0.0000,0.0,1.0,1.0,0.4153,1.90
gh_001022__swerve,swerve,origin,3,0.8254,1.0,1.0,1.0,0.7555,0.90
gh_001022__swerve,swerve,origin,4,1.0000,1.0,1.0,1.0,1.0000,0.00
gh_001023__brake,brake,transfered,1,0.4001,1.0,1.0,0.0,0.5602,2.90
gh_001023__brake,brake,transfered,2,0.0000,0.0,0.0,1.0,1.0000,1.90
gh_001023__brake,brake,transfered,3,0.0000,0.0,0.0,1.0,1.0000,0.90
gh_001023__brake,brake,transfered,4,0.0000,0.0,0.0,1.0,1.0000,0.00
gh_001023__brake,brake,origin,1,0.2431,1.0,1.0,0.0,0.3403,2.90
gh_001023__brake,brake,origin,2,0.0000,0.0,0.0,1.0,1.0000,1.90
gh_001023__brake,brake,origin,3,0.0000,0.0,0.0,1.0,1.0000,0.90
gh_001023__brake,brake,origin,4,0.0000,0.0,0.0,1.0,1.0000,0.00
gh_001023__none,none,transfered,1,0.5876,1.0,1.0,0.0,0.8226,2.90
gh_001023__none,none,transfered,2,0.5591,1.0,1.0,0.0,0.7828,1.90
gh_001023__none,none,transfered,3,0.7143,1.0,1.0,0.0,1.0000,0.90
gh_001023__none,none,transfered,4,0.7143,1.0,1.0,0.0,1.0000,0.00
gh_001023__none,none,origin,1,0.6845,1.0,1.0,0.0,0.9584,2.90
gh_001023__none,none,origin,2,0.5365,1.0,1.0,0.0,0.7511,1.90
gh_001023__none,none,origin,3,0.7143,1.0,1.0,0.0,1.0000,0.90
gh_001023__none,none,origin,4,0.7143,1.0,1.0,0.0,1.0000,0.00
gh_001023__swerve,swerve,transfered,1,0.1704,1.0,1.0,0.0,0.2386,2.90
gh_001023__swerve,swerve,transfered,2,0.3837,1.0,1.0,0.0,0.5372,1.90
gh_001023__swerve,swerve,transfered,3,0.6823,1.0,1.0,0.0,0.9552,0.90
gh_001023__swerve,swerve,transfered,4,0.7143,1.0,1.0,0.0,1.0000,0.00
gh_001023__swerve,swerve,origin,1,0.2052,1.0,1.0,0.0,0.2873,2.90
gh_001023__swerve,swerve,origin,2,0.6043,1.0,1.0,0.0,0.8460,1.90
gh_001023__swerve,swerve,origin,3,0.7143,1.0,1.0,0.0,1.0000,0.90
gh_001023__swerve,swerve,origin,4,0.7143,1.0,1.0,0.0,1.0000,0.00
